assets/css/components/_button.css,1264,58
assets/css/components/_common.css,1050,61
assets/css/components/_fresa-card.css,577,36
assets/css/components/_manual.css,543,24
assets/css/components/_slider.css,3401,140
assets/css/components/_step1.css,3042,132
assets/css/components/_step2.css,391,18
assets/css/components/_step3.css,399,19
assets/css/components/_step5.css,1036,61
assets/css/components/_step6.css,5453,170
assets/css/components/components.css,20,1
assets/css/components/footer-schneider.css,740,39
assets/css/components/main.css,502,20
assets/css/components/onboarding.css,1203,72
assets/css/components/step3_auto_tool_recommendation.css,497,23
assets/css/components/strategy.css,1667,100
assets/css/elements/_typography.css,289,11
assets/css/elements/elements.css,20,1
assets/css/generic/bootstrap.min.css,226120,241
assets/css/generic/generic.css,20,1
assets/css/generic/material.css,1103,67
assets/css/generic/reset.css,783,45
assets/css/objects/objects.css,20,1
assets/css/objects/step-common.css,1275,76
assets/css/objects/stepper.css,873,47
assets/css/objects/wizard.css,11745,264
assets/css/settings/_variables.css,967,39
assets/css/settings/settings.css,20,1
assets/css/utilities/utilities.css,20,1
